residue_from,residue_to,potential
A,A,0.06328495178335727
A,C,-0.14215902243145132
A,D,-0.22439712066842366
A,E,-0.04207556387446889
A,F,0.10288452457367633
A,G,0.08836463618038076
A,H,0.17149853642359011
A,I,0.28069782838858204
A,K,-0.014364880197072143
A,L,-0.09086572804390108
A,M,-0.14215902243145132
A,N,-0.14215902243145132
A,P,-0.04207556387446889
A,Q,-0.06617311545352948
A,R,-0.44754067198263336
A,S,-0.5120791931202047
A,T,0.13227782327030882
A,V,0.14552305002032942
A,W,0.048896214331257876
A,Y,0.13227782327030882
D,A,0.013274531208696075
D,C,0.09551262944566824
D,D,1.3995688923285867
D,E,0.1955960880026508
D,F,-0.053348109256292374
D,G,0.7315013961656648
D,H,-0.2839769922592355
D,I,0.5183694802657016
D,K,-0.21674978119773597
D,L,0.552271031941383
D,M,0.09551262944566824
D,N,0.09551262944566824
D,P,0.8887432685625961
D,Q,0.8646457169835355
D,R,-0.027547463311558912
D,S,0.7064217117686413
D,T,0.36994947514742843
D,V,0.09551262944566824
D,W,-0.4065793143515678
D,Y,-0.32319770541251686
E,A,1.161897240451467
E,C,-0.14215902243145132
E,D,0.46875005989152163
E,E,-0.04207556387446889
E,F,-0.08516770692926326
E,G,0.7815118167403261
E,H,0.17149853642359011
E,I,0.28069782838858204
E,K,-0.14244666805403003
E,L,0.3145993800642634
E,M,-0.14215902243145132
E,N,-0.14215902243145132
E,P,-0.44754067198263336
E,Q,-0.9824638473276845
E,R,-0.7352227444344142
E,S,0.46875005989152146
E,T,-0.966334465397801
E,V,-0.3653025737456613
E,W,0.048896214331257876
E,Y,0.13227782327030882
F,A,0.9361370282460858
F,C,-0.3679192346368328
F,D,-0.16247526042202387
F,E,-0.9609829566397955
F,F,0.3540483844586044
F,G,-0.7127597209285624
F,H,-0.7474088563417365
F,I,0.05493761618320069
F,K,0.398628016091693
F,L,-0.3166259402492824
F,M,-0.3679192346368328
F,N,-0.3679192346368328
F,P,0.42531140448009513
F,Q,0.4012138529010346
F,R,0.019846296371930656
F,S,0.24298984768614024
F,T,-0.09348238893507245
F,V,1.0183751264830578
F,W,-0.1768639978741236
F,Y,-0.09348238893507245
G,A,0.20856112801993967
G,C,0.983946406816857
G,D,0.34209252064446233
G,E,1.0840298653738396
G,F,-0.08584544331576076
G,G,-0.08985071273152871
G,H,1.2976039656718985
G,I,0.3081909689687808
G,K,-0.013431012689228247
G,L,0.11894896933025244
G,M,0.983946406816857
G,N,0.983946406816857
G,P,0.16773913349968447
G,Q,0.14364158192062387
G,R,1.0840298653738396
G,S,-0.07912094443184141
G,T,1.2583832525186174
G,V,-0.02765450486162287
G,W,1.1750016435795663
G,Y,1.2583832525186174
H,A,-0.29289235591718765
H,C,-1.5969486188001063
H,D,-0.9860395364771329
H,E,-1.4968651602431238
H,F,0.22363128896344056
H,G,0.6766489373206872
H,H,-1.2832910599450649
H,I,-1.1740917679800729
H,K,0.24495405843226178
H,L,-1.1401902163043913
H,M,-1.5969486188001063
H,N,-1.5969486188001063
H,P,-0.8037179796831784
H,Q,-0.8278155312622388
H,R,-0.1105707991232331
H,S,-0.5805744283689689
H,T,-1.322511773098346
H,V,-0.9038014382401609
H,W,-1.405893382037397
H,Y,-2.421124061766456
I,A,-0.784012908603846
I,C,-1.3949219909268193
I,D,-0.09086572804390068
I,E,-1.2948385323698368
I,F,0.1379758443849466
I,G,-0.008627629806928874
I,H,-1.0812644320717777
I,I,-0.9720651401067858
I,K,0.41307913462986756
I,L,-1.3436286965392688
I,M,-1.3949219909268193
I,N,-1.3949219909268193
I,P,-0.6016913518098915
I,Q,-0.6257889033889519
I,R,-1.2948385323698368
I,S,0.3145993800642635
I,T,-1.120485145225059
I,V,-0.701774810366874
I,W,-1.2038667541641102
I,Y,-1.120485145225059
K,A,-0.4902517900756829
K,C,-1.7943080529586013
K,D,-0.4902517900756829
K,E,-1.694224594401619
K,F,1.124884143473055
K,G,1.7320524716575598
K,H,-1.48065049410356
K,I,-1.3714512021385679
K,K,-0.08161710720623948
K,L,0.04874471065700404
K,M,-1.7943080529586013
K,N,-1.7943080529586013
K,P,-1.0010774138416736
K,Q,-1.025174965420734
K,R,-0.30793023328172836
K,S,-0.777933862527464
K,T,-1.5198712072568412
K,V,-0.4080136918387107
K,W,-1.603252816195892
K,Y,-1.5198712072568412
L,A,-0.4440624076063083
L,C,-0.13868075805512653
L,D,1.165375504827792
L,E,-0.038597299498143986
L,F,0.007922716136748767
L,G,-0.7149635984757609
L,H,0.17497680079991504
L,I,0.2841760927649071
L,K,0.45539723232245627
L,L,0.6057597168923693
L,M,-0.13868075805512653
L,N,-0.13868075805512653
L,P,-0.44406240760630844
L,Q,-0.0626948510772044
L,R,0.6545498810618013
L,S,0.18454625181606577
L,T,-0.5573910929133116
L,V,-0.13868075805512653
L,W,0.05237447870758278
L,Y,0.13575608764663374
M,A,0.024203601740886475
M,C,-1.2798526611420322
M,D,0.024203601740886475
M,E,-1.1797692025850495
M,F,-0.80300750007958
M,G,-0.05607722951991661
M,H,-0.9661951022869906
M,I,-0.8569958103219985
M,K,0.5620500160903361
M,L,-0.5354121861945363
M,M,-1.2798526611420322
M,N,-1.2798526611420322
M,P,-0.48662202202510424
M,Q,-0.5107195736041648
M,R,-0.48662202202510424
M,S,0.4296687098490508
M,T,-1.005415815440272
M,V,0.1064416999778585
M,W,-1.0887974243793228
M,Y,-1.005415815440272
N,A,-0.266381230368856
N,C,0.7321475997422713
N,D,0.4267659501910893
N,E,0.8322310582992539
N,F,0.23361311256056175
N,G,-0.27409136879482315
N,H,0.3526579780373675
N,I,0.056392161894194964
N,K,0.046943272696262646
N,L,0.010251005896340046
N,M,0.7321475997422713
N,N,0.7321475997422713
N,P,0.8322310582992539
N,Q,0.11498632616024794
N,R,0.02130084208292508
N,S,-0.44870278716281065
N,T,0.3134372648840861
N,V,0.7321475997422713
N,W,0.9232028365049805
N,Y,1.0065844454440314
P,A,0.5961652254986085
P,C,-0.70789103738431
P,D,-0.09698195506133676
P,E,-0.6078075788273274
P,F,-0.14007409811613128
P,G,0.6212449098956319
P,H,-1.0873806590892139
P,I,-0.28503418656427654
P,K,-0.020481107214508208
P,L,-0.4742761862028049
P,M,-0.70789103738431
P,N,-0.70789103738431
P,P,0.0853396017326179
P,Q,-0.6319051304063881
P,R,-0.8309511301415371
P,S,-0.3846640275131179
P,T,-0.4334541916825499
P,V,-0.014743856824364696
P,W,-0.5168358006216008
P,Y,-0.4334541916825499
Q,A,0.7200644881724279
Q,C,0.10915540584945464
Q,D,-0.37854780049568193
Q,E,0.20923886440643727
Q,F,0.13797584438494645
Q,G,-0.1821963954912886
Q,H,0.4228129647044962
Q,I,0.532012256669488
Q,K,0.015049005009221269
Q,L,1.9522081694650602
Q,M,0.10915540584945464
Q,N,0.10915540584945464
Q,P,-0.48390831615350804
Q,Q,-0.22032379528078774
Q,R,-0.013904686907772574
Q,S,0.7200644881724277
Q,T,0.38359225155121485
Q,V,-0.4504603820859681
Q,W,-0.39293653794778144
Q,Y,0.38359225155121485
R,A,-0.2978798974282269
R,C,0.1898233089169096
R,D,-0.9910270779881722
R,E,-0.403240413086053
R,F,-0.0690383249993795
R,G,0.798413101448792
R,H,-0.18966631278799406
R,I,-0.08046702082300208
R,K,-0.11440693002923022
R,L,-0.046565469147320716
R,M,0.1898233089169096
R,N,0.1898233089169096
R,P,-0.11555834063427216
R,Q,-0.13965589221333263
R,R,0.28990676747389227
R,S,-0.046565469147320716
R,T,-0.2288870259412752
R,V,-0.6211069072994191
R,W,-0.31226863488032636
R,Y,-0.2288870259412752
S,A,0.43328535031923926
S,C,0.5155234485562115
S,D,0.7209674227710201
S,E,0.6156069071131938
S,F,0.05032538164209366
S,G,0.13991130359772797
S,H,0.13603382685130752
S,I,0.24523311881629944
S,K,-0.11882246125630637
S,L,-0.2063731452897199
S,M,0.5155234485562115
S,N,0.5155234485562115
S,P,-0.07754027344675152
S,Q,0.5915093555341334
S,R,0.2101417990050294
S,S,0.6156069071131935
S,T,0.7899602942579715
S,V,1.2086706291161566
S,W,0.7065786853189205
S,Y,0.09681311369802624
T,A,0.42725032898476906
T,C,0.22180635476996036
T,D,1.525862617652879
T,E,0.321889813326943
T,F,-0.05767456634906446
T,G,-0.04732230978607284
T,H,-0.15768326693494347
T,I,0.6446632055899937
T,K,-0.024316253368898852
T,L,0.45542120595146546
T,M,0.22180635476996036
T,N,0.22180635476996036
T,P,1.0150369938868884
T,Q,0.9909394423078276
T,R,-0.2377259746084797
T,S,-0.14811381591879288
T,T,0.4962432004717205
T,V,-0.0013371965442493393
T,W,0.4128615915326696
T,Y,0.4962432004717205
V,A,-0.1734523190531747
V,C,-0.7843614013761481
V,D,0.5196948615067706
V,E,-0.6842779428191654
V,F,0.4300827028170832
V,G,-0.3490433301183025
V,H,-0.47070384252110664
V,I,-0.3615045505561145
V,K,0.12077201263852433
V,L,1.0586913622394574
V,M,-0.7843614013761481
V,N,-0.7843614013761481
V,P,0.008869237740779884
V,Q,-0.015228313838280735
V,R,0.008869237740779884
V,S,-0.17345231905317507
V,T,-0.5099245556743878
V,V,-0.09121422081620281
V,W,-0.5933061646134388
V,Y,-0.5099245556743878
W,A,-0.07874436751155607
W,C,-1.3828006303944744
W,D,-1.6881822799456565
W,E,-1.282717171837492
W,F,0.283628597541814
W,G,0.19764974516637343
W,H,-1.069143071539433
W,I,-0.959943779574441
W,K,0.3000373522082062
W,L,0.4602521332211308
W,M,-1.3828006303944744
W,N,-1.3828006303944744
W,P,-0.5895699912775467
W,Q,-1.3068147234165526
W,R,-0.5895699912775467
W,S,-1.0595736205232824
W,T,-1.1083637846927143
W,V,-1.0951185579426936
W,W,-1.1917453936317652
W,Y,-1.1083637846927143
Y,A,-0.4164221497881175
Y,C,0.9185789169442227
Y,D,-0.26227146996085915
Y,E,1.0186623755012052
Y,F,-0.15121293318839527
Y,G,0.2328118436818997
Y,H,1.2322364757992643
Y,I,-0.2680021446698442
Y,K,-0.0625379816900823
Y,L,-0.2828907571635949
Y,M,0.9185789169442227
Y,N,0.9185789169442227
Y,P,-0.07994991316690454
Y,Q,0.5890997158139804
Y,R,0.3255151949412599
Y,S,0.3255151949412596
Y,T,0.4998685820860375
Y,V,0.22543173638427733
Y,W,0.4164869731469867
Y,Y,0.4998685820860375
